"","full_name","position","team","targets","rec","rec_yards","air_yards","yac","td","adot","racr","ms_air","tgt_share","wopr","ppr"
"1","Christian McCaffrey","RB","CAR",142,116,1005,95,1019,4,0.7,10.58,0.02,0.22,0.35,469.2
"2","Michael Thomas","WR","NO",185,149,1725,1484,587,9,8,1.16,0.39,0.32,0.75,374.6
"3","Aaron Jones","RB","GB",68,49,474,194,429,3,2.9,2.44,0.04,0.12,0.2,318.8
"4","Ezekiel Elliott","RB","DAL",71,54,420,56,395,2,0.8,7.5,0.01,0.12,0.19,315.7
"5","Austin Ekeler","RB","LAC",108,92,993,131,945,8,1.2,7.58,0.03,0.18,0.29,313
"6","Derrick Henry","RB","TEN",24,18,206,-38,229,2,-1.6,-5.42,-0.01,0.06,0.08,300.6
"7","Dalvin Cook","RB","MIN",63,53,519,-94,591,0,-1.5,-5.52,-0.03,0.15,0.21,296.4
"8","Chris Godwin","WR","TB",121,86,1333,1304,577,9,10.8,1.02,0.23,0.22,0.49,274.1
"9","Julio Jones","WR","ATL",157,99,1394,1908,369,6,12.2,0.73,0.37,0.25,0.63,274.1
"10","Cooper Kupp","WR","LA",134,94,1161,1007,538,10,7.5,1.15,0.21,0.21,0.46,270.5
"11","DeAndre Hopkins","WR","HOU",150,104,1165,1570,397,7,10.5,0.74,0.34,0.3,0.69,264.3
"12","Keenan Allen","WR","LAC",149,104,1199,1501,374,6,10.1,0.8,0.3,0.25,0.58,261.5
"13","Leonard Fournette","RB","JAC",100,76,522,27,550,0,0.3,19.33,0.01,0.18,0.28,261.4
"14","Nick Chubb","RB","CLE",49,36,278,-17,318,0,-0.3,-16.35,0,0.09,0.13,261.2
"15","Allen Robinson","WR","CHI",154,98,1147,1736,286,7,11.3,0.66,0.38,0.27,0.67,254.9
"16","Julian Edelman","WR","NE",153,100,1117,1473,320,6,9.6,0.76,0.3,0.25,0.58,250.4
"17","Alvin Kamara","RB","NO",97,81,533,44,550,1,0.5,12.11,0.01,0.19,0.3,250
"18","Kenny Golladay","WR","DET",116,65,1190,1756,304,11,15.1,0.68,0.32,0.2,0.53,250
"19","Amari Cooper","WR","DAL",119,79,1189,1456,278,8,12.2,0.82,0.26,0.2,0.48,246.5
"20","DeVante Parker","WR","MIA",128,72,1202,1783,268,9,13.9,0.67,0.33,0.21,0.54,246.2
"21","Saquon Barkley","RB","NYG",73,52,438,71,438,2,1,6.17,0.02,0.14,0.23,244.1
"22","Mark Ingram","RB","BAL",29,26,247,43,220,5,1.5,5.74,0.01,0.07,0.11,242.5
"23","Chris Carson","RB","SEA",47,37,266,-26,295,2,-0.6,-10.23,-0.01,0.1,0.14,240.6
"24","Jarvis Landry","WR","CLE",138,83,1174,1382,436,6,10,0.85,0.3,0.26,0.59,237.4
"25","Tyler Lockett","WR","SEA",110,82,1057,1367,305,8,12.4,0.77,0.28,0.21,0.51,235.2
"26","Robert Woods","WR","LA",139,90,1134,1175,576,2,8.5,0.97,0.25,0.23,0.51,232.9
"27","D.J. Moore","WR","CAR",135,87,1175,1499,384,4,11.1,0.78,0.31,0.23,0.56,232.5
"28","Mike Evans","WR","TB",118,67,1157,1809,256,8,15.3,0.64,0.35,0.23,0.59,230.7
"29","Tyler Boyd","WR","CIN",148,90,1046,1109,456,5,7.5,0.94,0.24,0.24,0.53,226.9
"30","Joe Mixon","RB","CIN",45,35,287,-13,331,3,-0.3,-22.08,0,0.07,0.11,225.4
"31","D.J. Chark","WR","JAC",118,73,1008,1333,348,8,11.3,0.76,0.33,0.21,0.54,223.8
"32","Todd Gurley","RB","LA",49,31,207,27,196,2,0.6,7.67,0.01,0.08,0.12,221.4
"33","Courtland Sutton","WR","DEN",124,72,1112,1471,352,6,11.9,0.76,0.41,0.25,0.65,220.9
"34","Miles Sanders","RB","PHI",63,50,509,124,420,3,2,4.1,0.03,0.1,0.17,218.7
"35","Stefon Diggs","WR","MIN",94,63,1130,1424,302,6,15.1,0.79,0.41,0.21,0.6,218.1
"36","A.J. Brown","WR","TEN",84,52,1051,1107,465,8,13.2,0.95,0.28,0.19,0.48,217.1
"37","Le'Veon Bell","RB","NYJ",78,66,461,43,440,1,0.6,10.72,0.01,0.16,0.25,215
"38","John Brown","WR","BUF",115,72,1060,1693,205,6,14.7,0.63,0.38,0.24,0.63,214.7
"39","Davante Adams","WR","GB",127,83,997,1270,388,5,10,0.79,0.33,0.29,0.67,212.7
"40","Michael Gallup","WR","DAL",113,66,1107,1376,333,6,12.2,0.8,0.28,0.21,0.52,212.7
"41","Odell Beckham","WR","CLE",133,74,1035,1764,341,4,13.3,0.59,0.38,0.25,0.63,202.5
"42","Devonta Freeman","RB","ATL",70,59,410,79,344,4,1.1,5.19,0.02,0.12,0.19,201.6
"43","James White","RB","NE",95,72,645,263,523,5,2.8,2.45,0.06,0.17,0.29,198.8
"44","Jamison Crowder","WR","NYJ",122,78,833,975,358,6,8,0.85,0.24,0.23,0.52,197.7
"45","Phillip Lindsay","RB","DEN",48,35,196,-49,243,0,-1,-4,-0.01,0.1,0.13,197.7
"46","Calvin Ridley","WR","ATL",93,63,866,1246,138,7,13.4,0.7,0.27,0.17,0.44,195
"47","Marvin Jones","WR","DET",91,62,779,1189,106,9,13.1,0.66,0.26,0.19,0.47,193.9
"48","Josh Jacobs","RB","OAK",27,20,166,-34,183,0,-1.3,-4.88,-0.01,0.07,0.09,193.6
"49","Terry McLaurin","WR","WAS",93,58,919,1299,217,7,14,0.71,0.41,0.22,0.62,191.9
"50","D.K. Metcalf","WR","SEA",100,58,900,1296,273,7,13,0.69,0.26,0.19,0.47,191.1
"51","Deebo Samuel","WR","SF",81,57,802,607,473,3,7.5,1.32,0.2,0.18,0.41,189.1
"52","Tyreek Hill","WR","KC",89,58,860,1149,275,7,12.9,0.75,0.38,0.21,0.58,188.3
"53","Melvin Gordon","RB","LAC",55,42,296,3,311,1,0.1,98.67,0,0.12,0.18,186.8
"54","Cole Beasley","WR","BUF",106,67,778,844,330,6,8,0.92,0.19,0.22,0.47,180.8
"55","Larry Fitzgerald","WR","ARI",109,75,804,846,353,4,7.8,0.95,0.2,0.2,0.44,179.4
"56","Marlon Mack","RB","IND",17,14,82,-5,80,0,-0.3,-16.4,0,0.04,0.06,179.3
"57","David Montgomery","RB","CHI",35,25,185,130,156,1,3.7,1.42,0.03,0.06,0.11,174.4
"58","Curtis Samuel","WR","CAR",105,54,627,1581,161,6,15.1,0.4,0.3,0.17,0.46,171.7
"59","Ronald Jones","RB","TB",40,31,309,71,285,0,1.8,4.35,0.01,0.06,0.1,170.3
"60","Darius Slayton","WR","NYG",84,48,740,1181,205,8,14.1,0.63,0.28,0.16,0.44,170
"61","Raheem Mostert","RB","SF",22,14,180,45,155,2,2,4,0.01,0.05,0.08,169.2
"62","Christian Kirk","WR","ARI",108,68,709,1079,286,3,10,0.66,0.31,0.23,0.56,166.2
"63","Tarik Cohen","RB","CHI",104,79,456,182,429,3,1.8,2.51,0.04,0.18,0.3,163.9
"64","Lamar Jackson","QB","BAL",0,0,0,3548,0,0,Inf,0,0.96,0,0.67,162.6
"65","Mike Williams","WR","LAC",90,49,1001,1626,187,2,18.1,0.62,0.34,0.16,0.47,161.3
"66","Diontae Johnson","WR","PIT",92,59,680,827,305,5,9,0.82,0.21,0.18,0.42,161.1
"67","Robby Anderson","WR","NYJ",96,52,779,1402,193,5,14.6,0.56,0.34,0.18,0.52,160.3
"68","Kenyan Drake","RB","ARI",35,28,171,-89,261,0,-2.5,-1.92,-0.05,0.13,0.17,157.4
"69","Carlos Hyde","RB","HOU",16,10,42,30,51,0,1.9,1.4,0.01,0.03,0.05,157.2
"70","Latavius Murray","RB","NO",43,34,235,-43,284,1,-1,-5.47,-0.01,0.07,0.1,157.2
"71","Randall Cobb","WR","DAL",83,55,828,855,329,3,10.3,0.97,0.16,0.15,0.34,156.9
"72","Duke Johnson","RB","HOU",62,44,410,205,361,3,3.3,2,0.04,0.12,0.2,156
"73","Sony Michel","RB","NE",20,12,94,50,96,0,2.5,1.88,0.01,0.03,0.06,154.6
"74","Chris Conley","WR","JAC",90,47,775,1260,252,5,14,0.62,0.29,0.15,0.43,154.5
"75","Golden Tate","WR","NYG",85,49,676,822,284,6,9.7,0.82,0.24,0.21,0.48,154.2
"76","Dede Westbrook","WR","JAC",101,66,660,664,319,3,6.6,0.99,0.17,0.19,0.4,152.7
"77","Adrian Peterson","RB","WAS",23,17,142,-43,161,0,-1.9,-3.3,-0.01,0.05,0.07,151
"78","Devin Singletary","RB","BUF",41,29,194,61,193,2,1.5,3.18,0.02,0.11,0.18,149.9
"79","James Conner","RB","PIT",38,34,251,-54,298,3,-1.4,-4.65,-0.02,0.11,0.15,147.5
"80","Marquise Brown","WR","BAL",71,46,584,782,226,7,11,0.75,0.23,0.18,0.44,146.4
"81","Jamaal Williams","RB","GB",45,39,253,-34,279,5,-0.8,-7.44,-0.01,0.09,0.13,146.3
"82","David Johnson","RB","ARI",47,36,370,160,222,4,3.4,2.31,0.05,0.11,0.2,143.5
"83","Damien Williams","RB","KC",37,30,213,30,234,2,0.8,7.1,0.01,0.09,0.15,143.1
"84","Tyrell Williams","WR","OAK",64,42,651,875,185,6,13.7,0.74,0.32,0.15,0.45,143.1
"85","Royce Freeman","RB","DEN",50,43,256,43,260,1,0.9,5.95,0.01,0.1,0.16,142.2
"86","Sterling Shepard","WR","NYG",83,57,576,822,179,3,9.9,0.7,0.26,0.22,0.51,139.8
"87","Sammy Watkins","WR","KC",90,52,673,882,297,3,9.8,0.76,0.23,0.19,0.44,138.5
"88","Breshad Perriman","WR","TB",69,36,645,1128,127,6,16.3,0.57,0.2,0.13,0.33,138.1
"89","Danny Amendola","WR","DET",97,62,678,897,207,1,9.2,0.76,0.17,0.18,0.39,135.8
"90","James Washington","WR","PIT",80,44,735,1233,172,3,15.4,0.6,0.32,0.16,0.47,135.5
"91","Tevin Coleman","RB","SF",30,21,180,-8,204,1,-0.3,-22.5,0,0.07,0.11,135.4
"92","Will Fuller","WR","HOU",71,49,670,1011,219,3,14.2,0.66,0.29,0.2,0.51,134
"93","Hunter Renfrow","WR","OAK",71,49,605,495,301,4,7,1.22,0.18,0.17,0.37,133.5
"94","Zach Pascal","WR","IND",72,41,607,800,235,5,11.1,0.76,0.19,0.14,0.35,133.3
"95","Anthony Miller","WR","CHI",85,52,656,890,214,2,10.5,0.74,0.2,0.15,0.36,129.5
"96","T.Y. Hilton","WR","IND",68,45,501,697,213,5,10.2,0.72,0.32,0.23,0.57,125.1
"97","LeSean McCoy","RB","KC",34,28,181,-12,236,1,-0.4,-15.08,0,0.07,0.11,122.6
"98","Alshon Jeffery","WR","PHI",73,43,490,808,111,4,11.1,0.61,0.3,0.23,0.55,122.2
"99","DeAndre Washington","RB","OAK",41,36,292,62,246,0,1.5,4.71,0.02,0.08,0.13,121.9
"100","Kenny Stills","WR","HOU",55,40,561,590,141,4,10.7,0.95,0.15,0.13,0.3,120.1
"101","Brandin Cooks","WR","LA",72,42,583,990,183,2,13.8,0.59,0.22,0.13,0.35,117.5
"102","Mecole Hardman","WR","KC",41,26,538,455,296,6,11.1,1.18,0.09,0.07,0.17,117.5
"103","Peyton Barber","RB","TB",24,16,115,35,113,1,1.5,3.29,0.01,0.04,0.06,116.5
"104","JuJu Smith-Schuster","WR","PIT",70,42,552,707,229,3,10.1,0.78,0.23,0.17,0.42,115.2
"105","Corey Davis","WR","TEN",69,43,601,829,241,2,12,0.72,0.23,0.16,0.4,115.1
"106","Adam Thielen","WR","MIN",48,30,418,586,117,6,12.2,0.71,0.24,0.17,0.42,114.4
"107","Jordan Howard","RB","PHI",14,10,69,1,69,1,0.1,69,0,0.05,0.07,111.4
"108","Nyheim Hines","RB","IND",58,44,320,111,315,0,1.9,2.88,0.03,0.11,0.19,107.9
"109","Jaylen Samuels","RB","PIT",57,47,305,-58,365,1,-1,-5.26,-0.02,0.13,0.19,107
"110","Matt Breida","RB","SF",22,19,120,-12,127,1,-0.5,-10,0,0.06,0.09,105.3
"111","Josh Allen","QB","BUF",0,0,0,4267,0,0,Inf,0,0.9,0,0.63,105
"112","Emmanuel Sanders","WR","SF",53,36,502,607,115,3,11.5,0.83,0.29,0.17,0.46,104.2
"113","Auden Tate","WR","CIN",80,40,575,889,128,1,11.1,0.65,0.28,0.18,0.46,103.5
"114","Steven Sims","WR","WAS",56,34,310,388,172,4,6.9,0.8,0.11,0.12,0.25,103.5
"115","Rex Burkhead","RB","NE",38,27,279,123,229,0,3.2,2.27,0.03,0.08,0.14,103.1
"116","Allen Lazard","WR","GB",52,35,477,736,131,3,14.2,0.65,0.19,0.12,0.32,102.8
"117","Kareem Hunt","RB","CLE",44,37,285,56,276,1,1.3,5.09,0.02,0.17,0.27,101.4
"118","Demarcus Robinson","WR","KC",55,32,449,724,111,4,13.2,0.62,0.16,0.1,0.26,100.9
"119","Phillip Dorsett","WR","NE",54,29,397,748,79,5,13.9,0.53,0.21,0.12,0.33,100.8
"120","Russell Gage","WR","ATL",74,49,446,525,151,1,7.1,0.85,0.11,0.12,0.26,100.8
"121","Taysom Hill","QB","NO",22,19,234,197,145,6,9,1.19,0.05,0.04,0.09,100
"122","Alex Erickson","WR","CIN",78,43,529,611,269,0,7.8,0.87,0.13,0.13,0.28,99.2
"123","Boston Scott","RB","PHI",26,24,204,-46,273,0,-1.8,-4.43,-0.02,0.07,0.1,98.9
"124","John Ross","WR","CIN",56,28,506,865,208,3,15.4,0.58,0.34,0.18,0.5,97
"125","Kendrick Bourne","WR","SF",44,30,358,370,122,5,8.4,0.97,0.11,0.09,0.22,95.8
"126","Willie Snead","WR","BAL",46,31,339,409,126,5,8.9,0.83,0.11,0.1,0.23,95.1
"127","Frank Gore","RB","BUF",16,13,100,14,88,0,0.9,7.14,0,0.03,0.05,94.9
"128","Gus Edwards","RB","BAL",7,7,45,8,42,0,1.1,5.62,0,0.02,0.03,94.6
"129","Nelson Agholor","WR","PHI",69,39,363,775,126,3,11.2,0.47,0.22,0.17,0.41,94
"130","Chris Thompson","RB","WAS",58,42,378,101,337,0,1.7,3.74,0.04,0.16,0.27,93.6
"131","Preston Williams","WR","MIA",60,32,428,792,84,3,13.2,0.54,0.3,0.21,0.53,92.8
"132","Deshaun Watson","QB","HOU",1,1,6,4403,6,1,4403,0,0.96,0,0.67,90.9
"133","Taylor Gabriel","WR","CHI",48,29,353,556,79,4,11.6,0.63,0.22,0.15,0.37,90.3
"134","Tony Pollard","RB","DAL",20,15,107,-18,135,1,-0.9,-5.94,0,0.04,0.06,89.2
"135","Albert Wilson","WR","MIA",62,43,351,347,179,1,5.6,1.01,0.08,0.12,0.24,88.6
"136","Kerryon Johnson","RB","DET",15,10,127,69,116,1,4.6,1.84,0.02,0.06,0.1,87
"137","Adam Humphries","WR","TEN",47,37,374,345,126,2,7.3,1.08,0.13,0.14,0.3,86.5
"138","Ted Ginn","WR","NO",56,30,421,885,48,2,15.8,0.48,0.25,0.1,0.33,85.9
"139","Allen Hurns","WR","MIA",47,32,416,487,116,2,10.4,0.85,0.1,0.09,0.2,85.6
"140","Demaryius Thomas","WR","NYJ",58,36,433,558,170,1,9.6,0.78,0.19,0.16,0.37,85.3
"141","Marquez Valdes-Scantling","WR","GB",56,26,452,960,145,2,17.1,0.47,0.2,0.1,0.29,84.1
"142","J.D. McKissic","RB","DET",42,34,233,4,237,1,0.1,58.25,0,0.08,0.12,83.8
"143","Chase Edmonds","RB","ARI",21,12,105,-5,115,1,-0.2,-21,0,0.05,0.07,82.8
"144","Jalen Richard","RB","OAK",43,36,323,91,236,0,2.1,3.55,0.03,0.08,0.14,82.8
"145","Tajae Sharpe","WR","TEN",35,25,329,498,58,4,14.2,0.66,0.14,0.09,0.24,81.9
"146","Bisi Johnson","WR","MIN",45,31,294,492,68,3,10.9,0.6,0.16,0.11,0.28,79
"147","Emmanuel Sanders","WR","DEN",44,30,367,425,118,2,9.7,0.86,0.27,0.19,0.47,78.7
"148","Keelan Cole","WR","JAC",35,24,361,374,99,3,10.7,0.97,0.11,0.08,0.2,78.7
"149","Kyler Murray","QB","ARI",0,0,0,3990,0,0,Inf,0,0.97,0,0.68,78.4
"150","Dare Ogunbowale","RB","TB",46,35,286,121,207,0,2.6,2.36,0.02,0.07,0.12,77.3
"151","Rashaad Penny","RB","SEA",11,8,83,31,85,1,2.8,2.68,0.01,0.04,0.07,77.3
"152","Geronimo Allison","WR","GB",55,34,287,411,110,2,7.5,0.7,0.09,0.1,0.21,75.4
"153","Damiere Byrd","WR","ARI",46,32,359,458,150,1,10,0.78,0.16,0.12,0.29,73.9
"154","Tre'Quan Smith","WR","NO",25,18,234,226,111,5,9,1.04,0.09,0.07,0.16,71.4
"155","Mohamed Sanu","WR","ATL",42,33,313,290,123,1,6.9,1.08,0.12,0.14,0.3,70.6
"156","Alexander Mattison","RB","MIN",12,10,82,37,74,0,3.1,2.22,0.01,0.03,0.06,70.4
"157","Giovani Bernard","RB","CIN",43,30,234,22,208,0,0.5,10.64,0,0.07,0.11,70.4
"158","Darrel Williams","RB","KC",19,15,167,21,179,1,1.1,7.95,0.01,0.06,0.09,69.8
"159","Dion Lewis","RB","TEN",32,25,164,-12,193,1,-0.4,-13.67,0,0.07,0.11,68.3
"160","Brian Hill","RB","ATL",14,10,69,21,54,1,1.5,3.29,0.01,0.03,0.05,67.2
"161","Kelvin Harmon","WR","WAS",44,30,365,512,94,0,11.6,0.71,0.15,0.1,0.25,66.5
"162","Patrick Laird","RB","MIA",30,23,204,44,174,0,1.5,4.64,0.02,0.09,0.15,66.2
"163","Cody Latimer","WR","NYG",42,24,300,503,69,2,12,0.6,0.12,0.08,0.2,66
"164","Paul Richardson","WR","WAS",42,28,245,409,50,2,9.7,0.6,0.19,0.15,0.35,64.5
"165","DaeSean Hamilton","WR","DEN",52,28,297,438,128,1,8.4,0.68,0.14,0.12,0.28,63.7
"166","Isaiah McKenzie","WR","BUF",39,27,254,169,206,1,4.3,1.5,0.05,0.1,0.19,63.3
"167","Ty Johnson","RB","DET",31,24,109,74,87,0,2.4,1.47,0.01,0.05,0.09,62.2
"168","Jakobi Meyers","WR","NE",41,26,359,422,114,0,10.3,0.85,0.12,0.09,0.22,61.9
"169","Josh Reynolds","WR","LA",43,21,326,473,139,1,11,0.69,0.1,0.07,0.17,61.9
"170","David Moore","WR","SEA",34,17,301,482,128,2,14.2,0.62,0.11,0.07,0.19,61.6
"171","Seth Roberts","WR","BAL",35,21,271,330,70,2,9.4,0.82,0.1,0.09,0.21,60.1
"172","Benny Snell","RB","PIT",4,3,23,-2,22,0,-0.5,-11.5,0,0.01,0.02,59.9
"173","Malcolm Brown","RB","LA",6,2,16,14,7,0,2.3,1.14,0,0.01,0.02,59.1
"174","Derrius Guice","RB","WAS",9,7,79,-3,86,1,-0.3,-26.33,0,0.06,0.08,57.4
"175","Jarius Wright","WR","CAR",58,28,296,610,93,0,10.5,0.49,0.12,0.09,0.22,56.9
"176","Kenyan Drake","RB","MIA",33,22,174,44,167,0,1.3,3.95,0.02,0.15,0.25,56.8
"177","Pharoh Cooper","WR","ARI",33,25,243,336,70,1,10.2,0.72,0.12,0.09,0.21,55.5
"178","Josh Gordon","WR","NE",36,20,287,355,126,1,9.9,0.81,0.19,0.15,0.37,54.8
"179","Keke Coutee","WR","HOU",36,22,254,272,140,0,7.6,0.93,0.1,0.12,0.26,54.8
"180","Jordan Wilkins","RB","IND",11,7,43,15,32,0,1.4,2.87,0,0.03,0.04,54
"181","Mohamed Sanu","WR","NE",47,26,207,385,71,1,8.2,0.54,0.16,0.15,0.34,53.5
"182","Russell Wilson","QB","SEA",0,0,0,4845,0,0,Inf,0,0.98,0,0.69,52.2
"183","Kalen Ballage","RB","MIA",24,14,63,-8,87,0,-0.3,-7.88,0,0.05,0.08,51.8
"184","Trey Quinn","WR","WAS",47,26,198,324,61,1,6.9,0.61,0.12,0.13,0.29,51.8
"185","Ryquell Armstead","RB","JAC",24,14,144,37,119,2,1.5,3.89,0.01,0.05,0.08,51.2
"186","Brandon Bolden","RB","NE",11,9,111,66,59,1,6,1.68,0.01,0.02,0.04,50.9
"187","Miles Boykin","WR","BAL",22,13,198,378,12,3,17.2,0.52,0.12,0.06,0.18,50.8
"188","Vyncint Smith","WR","NYJ",31,17,225,379,104,0,12.2,0.59,0.11,0.07,0.18,50.7
"189","Wayne Gallman","RB","NYG",15,11,102,31,104,1,2.1,3.29,0.01,0.04,0.07,50.2
"190","Jaron Brown","WR","SEA",28,16,220,250,65,2,8.9,0.88,0.08,0.08,0.18,50
"191","Mike Boone","RB","MIN",4,3,17,-5,26,0,-1.2,-3.4,0,0.02,0.02,50
"192","Justice Hill","RB","BAL",15,8,70,33,81,0,2.2,2.12,0.01,0.03,0.06,49.5
"193","Ryan Fitzpatrick","QB","MIA",0,0,0,4438,0,0,Inf,0,0.84,0,0.59,48.3
"194","Jacoby Brissett","QB","IND",1,1,2,3525,2,0,3525,0,0.94,0,0.66,48
"195","Chester Rogers","WR","IND",28,16,179,239,69,2,8.5,0.75,0.1,0.09,0.2,47.7
"196","Tavon Austin","WR","DAL",24,13,177,317,85,1,13.2,0.56,0.06,0.04,0.11,47.4
"197","Jeff Wilson","RB","SF",5,3,34,12,21,1,2.4,2.83,0.01,0.02,0.04,46.9
"198","KeeSean Johnson","WR","ARI",42,21,187,376,43,1,9,0.5,0.14,0.12,0.27,46
"199","Dak Prescott","QB","DAL",0,0,0,5440,0,0,Inf,0,0.98,0,0.69,45.7
"200","Malik Turner","WR","SEA",22,15,245,264,101,1,12,0.93,0.07,0.06,0.14,45.5
"201","Bennie Fowler","WR","NYG",36,23,193,370,29,0,10.3,0.52,0.17,0.11,0.29,44.3
"202","Mark Walton","RB","MIA",21,15,89,-10,92,0,-0.5,-8.9,0,0.09,0.13,44
"203","Justin Watson","WR","TB",26,15,159,352,14,2,13.5,0.45,0.09,0.07,0.17,42.9
"204","Javon Wims","WR","CHI",39,18,186,463,45,1,11.9,0.4,0.15,0.09,0.25,42.6
"205","Ryan Tannehill","QB","TEN",0,0,0,2715,0,0,Inf,0,0.88,0,0.62,42.5
"206","Jakeem Grant","WR","MIA",33,19,164,402,91,0,12.2,0.41,0.14,0.1,0.25,41.9
"207","Ameer Abdullah","RB","MIN",21,15,88,9,79,1,0.4,9.78,0,0.05,0.07,41.3
"208","Scott Miller","WR","TB",26,13,200,471,30,1,18.1,0.42,0.12,0.07,0.19,40.6
"209","Jonathan Williams","RB","IND",5,5,59,-5,64,0,-1,-11.8,0,0.03,0.04,40.4
"210","Parris Campbell","WR","IND",24,18,127,198,96,1,8.2,0.64,0.11,0.1,0.24,40.1
"211","Daniel Jones","QB","NYG",0,0,0,3658,0,0,Inf,0,0.93,0,0.65,39.9
"212","Jake Kumerow","WR","GB",21,12,219,317,85,1,15.1,0.69,0.09,0.05,0.14,39.9
"213","Marvin Hall","WR","DET",11,7,261,304,36,1,27.6,0.86,0.12,0.05,0.15,39.8
"214","N'Keal Harry","WR","NE",24,12,105,224,42,2,9.3,0.47,0.1,0.09,0.21,39.4
"215","Justin Hardy","WR","ATL",26,19,195,202,78,0,7.8,0.97,0.05,0.05,0.11,38.5
"216","Marquise Goodwin","WR","SF",21,12,186,264,45,1,12.6,0.7,0.15,0.08,0.23,38.1
"217","Dontrell Hilliard","RB","CLE",15,12,92,5,103,0,0.3,18.4,0,0.03,0.05,38.1
"218","Damion Ratley","WR","CLE",24,12,200,301,47,1,12.5,0.66,0.11,0.08,0.2,38
"219","Tim Patrick","WR","DEN",31,16,218,315,38,0,10.2,0.69,0.16,0.12,0.3,37.8
"220","DeSean Jackson","WR","PHI",10,9,159,147,15,2,14.7,1.08,0.23,0.13,0.35,36.9
"221","Ito Smith","RB","ATL",14,11,87,24,72,0,1.7,3.62,0.01,0.05,0.08,36.3
"222","Andy Isabella","WR","ARI",13,9,189,82,140,1,6.3,2.3,0.03,0.03,0.07,35.4
"223","Byron Pringle","WR","KC",16,12,170,178,63,1,11.1,0.96,0.04,0.04,0.08,35
"224","Zay Jones","WR","OAK",27,20,147,234,58,0,8.7,0.63,0.11,0.08,0.2,35
"225","Duke Williams","WR","BUF",19,12,166,210,50,1,11.1,0.79,0.2,0.14,0.36,34.6
"226","Gardner Minshew","QB","JAC",0,0,0,3320,0,0,Inf,0,0.94,0,0.66,34.4
"227","Dante Pettis","WR","SF",24,11,109,185,23,2,7.7,0.59,0.1,0.09,0.2,33.9
"228","Patrick Mahomes","QB","KC",0,0,0,4265,0,0,Inf,0,0.97,0,0.68,33.8
"229","Laquon Treadwell","WR","MIN",16,9,184,190,57,1,11.9,0.97,0.08,0.05,0.13,33.4
"230","Bilal Powell","RB","NYJ",12,7,33,48,45,0,4,0.69,0.01,0.03,0.06,33.2
"231","J.J. Arcega-Whiteside","WR","PHI",22,10,169,392,16,1,17.8,0.43,0.13,0.06,0.17,32.9
"232","Ty Montgomery","RB","NYJ",17,13,90,23,94,0,1.4,3.91,0.01,0.04,0.06,32.3
"233","Baker Mayfield","QB","CLE",0,0,0,4428,0,0,Inf,0,0.95,0,0.66,32.1
"234","Darwin Thompson","RB","KC",10,9,43,-6,62,0,-0.6,-7.17,0,0.03,0.04,32.1
"235","Andy Dalton","QB","CIN",1,1,-4,3969,4,0,3969,0,0.98,0,0.69,31.9
"236","T.J. Yeldon","RB","BUF",15,13,124,24,115,0,1.6,5.17,0.02,0.1,0.16,31.7
"237","Kalif Raymond","WR","TEN",12,9,170,219,14,1,18.2,0.78,0.1,0.05,0.15,31.5
"238","Myles Gaskin","RB","MIA",12,7,51,2,46,0,0.2,25.5,0,0.04,0.06,31.4
"239","Mitchell Trubisky","QB","CHI",0,0,0,4097,0,0,Inf,0,0.95,0,0.67,31.3
"240","Justin Jackson","RB","LAC",11,9,22,-12,38,0,-1.1,-1.83,-0.01,0.04,0.06,31.2
"241","Jameis Winston","QB","TB",0,0,0,6500,0,0,Inf,0,1,0,0.7,31
"242","C.J. Prosise","RB","SEA",12,10,76,51,66,0,4.2,1.49,0.02,0.04,0.08,30.8
"243","Qadree Ollison","RB","ATL",2,1,7,3,3,0,1.5,2.33,0,0.01,0.01,30.7
"244","Carson Wentz","QB","PHI",0,0,0,4878,0,0,Inf,0,0.99,0,0.7,30.3
"245","Cordarrelle Patterson","WR","CHI",17,11,83,84,72,0,4.9,0.99,0.02,0.03,0.06,29.6
"246","Reggie Bonnafon","RB","CAR",9,6,57,26,52,0,2.9,2.19,0.01,0.02,0.04,29.3
"247","Trevor Davis","WR","OAK",10,7,83,82,55,0,8.2,1.01,0.04,0.04,0.08,28.6
"248","Richie James","WR","SF",10,6,165,119,103,1,11.9,1.39,0.04,0.02,0.06,28.4
"249","Travis Homer","RB","SEA",13,11,56,-4,60,0,-0.3,-14,0,0.06,0.09,28
"250","DeAndre Carter","WR","HOU",14,11,162,151,57,0,10.8,1.07,0.03,0.03,0.06,27.2
"251","Aaron Rodgers","QB","GB",0,0,0,5024,0,0,Inf,0,1,0,0.7,24.3
"252","Keelan Doss","WR","OAK",14,11,133,124,57,0,8.9,1.07,0.1,0.07,0.18,24.3
"253","Wendell Smallwood","RB","WAS",13,9,64,28,50,0,2.2,2.29,0.01,0.04,0.06,23.5
"254","Jeff Driskel","QB","DET",1,1,6,861,9,0,861,0.01,1,0.01,0.71,22.7
"255","Kyle Allen","QB","CAR",0,0,0,3938,0,0,Inf,0,0.97,0,0.68,22.6
"256","Mack Hollins","WR","PHI",22,10,125,293,33,0,13.3,0.43,0.09,0.07,0.16,22.5
"257","Darrell Henderson","RB","LA",6,4,37,3,37,0,0.5,12.33,0,0.02,0.03,22.4
"258","Devin Smith","WR","DAL",9,5,113,129,32,1,14.3,0.88,0.14,0.09,0.24,22.3
"259","Tom Brady","QB","NE",0,0,0,4633,0,0,Inf,0,0.94,0,0.66,21.4
"260","Dontrelle Inman","WR","LAC",13,8,132,197,31,0,15.2,0.67,0.15,0.09,0.24,21.2
"261","Josh Gordon","WR","SEA",11,7,139,197,16,0,17.9,0.71,0.12,0.07,0.2,20.9
"262","Matt Ryan","QB","ATL",0,0,0,5007,0,0,Inf,0,0.97,0,0.68,20.7
"263","Olamide Zaccheaus","WR","ATL",5,3,115,69,63,1,13.8,1.67,0.04,0.02,0.06,20.5
"264","Derek Carr","QB","OAK",0,0,0,3364,0,0,Inf,0,0.97,0,0.68,20.2
"265","Christian Blake","WR","ATL",24,11,91,182,24,0,7.6,0.5,0.08,0.08,0.18,20.1
"266","Trey Edmunds","RB","PIT",7,6,48,10,42,0,1.4,4.8,0.01,0.03,0.05,20
"267","Brandon Zylstra","WR","CAR",12,8,106,160,10,0,13.3,0.66,0.09,0.06,0.15,18.6
"268","Sam Darnold","QB","NYJ",0,0,0,3615,0,0,Inf,0,0.99,0,0.7,18.2
"269","Alec Ingold","RB","OAK",6,6,44,6,38,1,1,7.33,0,0.02,0.03,18.1
"270","Braxton Berrios","WR","NYJ",13,6,115,132,87,0,10.2,0.87,0.03,0.02,0.06,17.5
"271","Antonio Callaway","WR","CLE",15,8,89,139,44,0,9.3,0.64,0.13,0.11,0.26,16.9
"272","Marcell Ateman","WR","OAK",10,5,116,154,19,0,15.4,0.75,0.14,0.07,0.2,16.6
"273","Jared Goff","QB","LA",0,0,0,4811,0,0,Inf,0,0.99,0,0.69,16
"274","Rashard Higgins","WR","CLE",11,4,55,116,9,1,10.5,0.47,0.06,0.04,0.11,15.5
"275","D'Ernest Johnson","RB","CLE",7,6,71,30,47,0,4.3,2.37,0.01,0.02,0.04,15.2
"276","Darren Sproles","RB","PHI",10,6,24,15,25,0,1.5,1.6,0.01,0.05,0.07,15
"277","Chris Hogan","WR","CAR",15,8,67,122,29,0,8.1,0.55,0.05,0.05,0.12,14.7
"278","Zay Jones","WR","BUF",18,7,69,250,19,0,13.9,0.28,0.18,0.12,0.31,13.9
"279","Marcus Mariota","QB","TEN",0,0,0,1138,0,0,Inf,0,0.73,0,0.51,12.9
"280","Riley Ridley","WR","CHI",7,6,69,62,15,0,8.9,1.11,0.07,0.06,0.13,12.9
"281","Devontae Booker","RB","DEN",9,6,57,36,44,0,4,1.58,0.02,0.03,0.06,12.6
"282","Kirk Cousins","QB","MIN",1,0,0,3407,0,0,3407,0,0.97,0,0.68,12.3
"283","Robert Foster","WR","BUF",18,3,64,451,32,0,25.1,0.14,0.15,0.06,0.19,12.3
"284","Deon Cain","WR","PIT",6,5,72,84,11,0,14,0.86,0.07,0.04,0.11,12.2
"285","Jimmy Garoppolo","QB","SF",0,0,0,3088,0,0,Inf,0,0.96,0,0.67,12.2
"286","David Blough","QB","DET",1,1,19,1498,5,1,1498,0.01,0.94,0.01,0.67,12
"287","Trent Sherfield","WR","ARI",13,4,80,195,10,0,15,0.41,0.07,0.04,0.11,12
"288","Mike Davis","RB","CHI",8,7,22,6,27,0,0.8,3.67,0.01,0.06,0.09,11.7
"289","Andre Patton","WR","LAC",17,6,56,299,28,0,17.6,0.19,0.13,0.05,0.17,11.6
"290","KhaDarel Hodge","WR","CLE",10,4,76,161,9,0,16.1,0.47,0.05,0.02,0.07,11.6
"291","Deonte Harris","WR","NO",6,6,24,-13,37,0,-2.2,-1.85,0,0.01,0.01,11.5
"292","Javorius Allen","RB","NYG",2,1,9,11,4,0,5.5,0.82,0.01,0.01,0.02,11.5
"293","Troymaine Pope","RB","LAC",3,2,14,0,11,1,0,Inf,0,0.01,0.01,11.4
"294","Kenjon Barner","RB","ATL",8,6,22,7,27,0,0.9,3.14,0,0.01,0.02,11
"295","Ryan Switzer","WR","PIT",11,8,27,17,17,0,1.5,1.59,0.01,0.04,0.06,10.7
"296","Nick Bellore","RB","SEA",2,2,23,2,21,1,1,11.5,0,0.01,0.01,10.3
"297","Dwayne Haskins","QB","WAS",0,0,0,1751,0,0,Inf,0,0.79,0,0.55,10.1
"298","AJ McCarron","QB","HOU",0,0,0,313,0,0,Inf,0,0.59,0,0.41,9.9
"299","Patrick DiMarco","RB","BUF",7,5,41,53,31,0,7.6,0.77,0.03,0.03,0.07,9.8
"300","Diontae Spencer","WR","DEN",8,6,31,49,33,0,6.1,0.63,0.01,0.02,0.03,9.7
"301","Ced Wilson","WR","DAL",8,5,46,134,11,0,16.8,0.34,0.09,0.05,0.14,9.6
"302","Deon Cain","WR","IND",14,4,52,143,11,0,10.2,0.36,0.11,0.07,0.18,9.2
"303","DeAndrew White","WR","CAR",9,4,51,133,28,0,14.8,0.38,0.05,0.03,0.07,9.1
"304","Chad Beebe","WR","MIN",2,2,70,2,66,0,1,35,0,0.03,0.05,9
"305","Travis Benjamin","WR","LAC",16,6,30,214,19,0,13.4,0.14,0.12,0.08,0.2,9
"306","Dontrelle Inman","WR","IND",8,4,49,77,11,0,9.6,0.64,0.1,0.09,0.21,8.9
"307","Ventell Bryant","WR","DAL",1,1,15,15,0,1,15,1,0.01,0,0.01,8.5
"308","Devine Ozigbo","RB","JAC",5,3,23,6,20,0,1.2,3.83,0.01,0.04,0.06,8
"309","Ryan Finley","QB","CIN",0,0,0,568,0,0,Inf,0,1,0,0.7,7.7
"310","Dwayne Washington","RB","NO",1,1,6,-5,11,0,-5,-1.2,0,0,0,7.6
"311","Case Keenum","QB","WAS",0,0,0,1690,0,0,Inf,0,0.69,0,0.48,7.2
"312","Drew Lock","QB","DEN",0,0,0,1053,0,0,Inf,0,1,0,0.7,7.2
"313","Tra Carson","RB","GB",4,4,18,4,14,0,1,4.5,0.01,0.05,0.09,7.2
"314","Robert Griffin III","QB","BAL",0,0,0,282,0,0,Inf,0,0.22,0,0.15,7
"315","Devlin Hodges","QB","PIT",0,0,0,1167,0,0,Inf,0,0.7,0,0.49,6.8
"316","Elijhaa Penny","RB","NYG",4,2,9,-10,22,0,-2.5,-0.9,0,0.01,0.01,6.8
"317","Geremy Davis","WR","LAC",3,3,38,36,2,0,12,1.06,0.02,0.01,0.03,6.8
"318","Matthew Stafford","QB","DET",0,0,0,3097,0,0,Inf,0,1,0,0.7,6.6
"319","Jason Moore","WR","LAC",5,2,43,119,6,0,23.8,0.36,0.05,0.02,0.07,6.3
"320","Devin Funchess","WR","IND",5,3,32,49,6,0,9.8,0.65,0.31,0.19,0.49,6.2
"321","Johnny Holton","WR","PIT",15,3,21,377,10,0,25.1,0.06,0.13,0.04,0.15,6
"322","Taiwan Jones","RB","HOU",1,1,9,-3,12,0,-3,-3,0,0,0,5.9
"323","Cody Core","WR","NYG",5,3,28,32,3,0,6.4,0.88,0.02,0.02,0.04,5.8
"324","Donte Moncrief","WR","PIT",15,4,18,202,3,0,13.5,0.09,0.16,0.11,0.28,5.8
"325","Andre Roberts","WR","BUF",7,3,20,109,5,0,15.6,0.18,0.03,0.02,0.05,5.7
"326","Nick Bawden","RB","DET",6,4,17,0,20,0,0,Inf,0,0.02,0.03,5.7
"327","Steven Mitchell","WR","HOU",6,2,37,101,14,0,16.8,0.37,0.21,0.09,0.29,5.7
"328","Drew Brees","QB","NO",0,0,0,2441,0,0,Inf,0,0.9,0,0.63,5.6
"329","Russell Shepard","WR","NYG",8,3,25,72,13,0,9,0.35,0.1,0.1,0.22,5.5
"330","Gunner Olszewski","WR","NE",4,2,34,24,16,0,6,1.42,0.01,0.01,0.03,5.4
"331","Ryan Grant","WR","OAK",9,4,14,35,5,0,3.9,0.4,0.08,0.14,0.26,5.4
"332","Anthony Sherman","RB","KC",3,2,22,10,23,0,3.3,2.2,0,0.01,0.01,5.1
"333","C.J. Board","WR","JAC",4,2,31,31,6,0,7.8,1,0.05,0.05,0.11,5.1
"334","Chris Moore","WR","BAL",5,3,21,61,10,0,12.2,0.34,0.04,0.03,0.07,5.1
"335","Marqise Lee","WR","JAC",4,3,18,22,1,0,5.5,0.82,0.02,0.03,0.06,4.9
"336","Paul Perkins","RB","DET",1,1,9,-1,10,0,-1,-9,0,0.01,0.01,4.8
"337","Stanley Morgan","WR","CIN",10,3,18,57,10,0,5.7,0.32,0.03,0.04,0.07,4.8
"338","T.J. Logan","RB","TB",3,2,13,30,9,0,10,0.43,0.01,0.01,0.02,4.3
"339","Mason Rudolph","QB","PIT",0,0,0,2232,0,0,Inf,0,0.87,0,0.61,4.2
"340","Brett Hundley","QB","ARI",0,0,0,114,0,0,Inf,0,0.13,0,0.09,4.1
"341","Fred Brown","WR","DEN",3,2,21,34,0,0,11.3,0.62,0.03,0.02,0.05,4.1
"342","Tyler Ervin","RB","GB",4,2,11,67,12,0,16.8,0.16,0.04,0.03,0.07,4.1
"343","Josh Bellamy","WR","NYJ",3,2,20,23,10,0,7.7,0.87,0.03,0.02,0.05,4
"344","Brandon Allen","QB","DEN",0,0,0,646,0,0,Inf,0,0.79,0,0.56,3.9
"345","Trevor Davis","WR","GB",1,1,28,18,10,0,18,1.56,0.03,0.02,0.05,3.8
"346","Ashton Dulin","WR","IND",2,2,17,-6,23,0,-3,-2.83,0,0.01,0.01,3.7
"347","Michael Walker","WR","JAC",3,2,15,12,7,0,4,1.25,0.01,0.01,0.02,3.5
"348","Mike Thomas","WR","LA",5,2,14,51,10,0,10.2,0.27,0.03,0.02,0.05,3.4
"349","Tra Carson","RB","DET",0,0,0,0,0,0,NA,NA,0,0,0,3.4
"350","Teddy Bridgewater","QB","NO",0,0,0,1208,0,0,Inf,0,0.63,0,0.44,3.1
"351","Keith Smith","RB","ATL",3,1,13,21,13,0,7,0.62,0.01,0.01,0.02,3.1
"352","Philip Rivers","QB","LAC",0,0,0,5026,0,0,Inf,0,0.99,0,0.7,2.9
"353","Nick Foles","QB","JAC",0,0,0,990,0,0,Inf,0,0.8,0,0.56,2.3
"354","Will Grier","QB","CAR",0,0,0,491,0,0,Inf,0,0.63,0,0.44,2.2
"355","John Ursua","WR","SEA",1,1,11,11,0,0,11,1,0.04,0.02,0.07,2.1
"356","Joe Flacco","QB","DEN",0,0,0,1752,0,0,Inf,0,1,0,0.7,2
"357","Zach Zenner","RB","ARI",1,1,13,-2,15,0,-2,-6.5,-0.01,0.02,0.02,2
"358","Austin Carr","WR","NO",4,1,9,45,0,0,11.2,0.2,0.09,0.05,0.14,1.9
"359","Zach Zenner","RB","NO",2,1,6,7,4,0,3.5,0.86,0.02,0.05,0.1,1.7
"360","Dwayne Harris","WR","OAK",1,1,7,0,7,0,0,Inf,0,0.01,0.02,1.7
"361","Jaleel Scott","WR","BAL",3,1,6,39,6,0,13,0.15,0.29,0.14,0.42,1.6
"362","Senorise Perry","RB","BUF",1,1,1,-1,2,0,-1,-1,0,0,0.01,1.4
"363","Colt McCoy","QB","WAS",0,0,0,177,0,0,Inf,0,1,0,0.7,1.4
"364","Krishawn Hogan","WR","NO",1,1,4,2,2,0,2,2,0.01,0.02,0.04,1.4
"365","Josh Rosen","QB","MIA",0,0,0,871,0,0,Inf,0,0.53,0,0.37,1.3
"366","Damien Harris","RB","NE",0,0,0,0,0,0,NA,NA,0,0,0,1.2
"367","Dexter Williams","RB","GB",0,0,0,0,0,0,NA,NA,0,0,0,1.1
"368","Buddy Howell","RB","HOU",0,0,0,15,0,0,Inf,0,0.01,0,0,1
"369","John Kelly","RB","LA",0,0,0,0,0,0,NA,NA,0,0,0,0.9
"370","Jordan Scarlett","RB","CAR",0,0,0,0,0,0,NA,NA,0,0,0,0.9
"371","Ben Roethlisberger","QB","PIT",0,0,0,576,0,0,Inf,0,0.79,0,0.56,0.7
"372","Eli Manning","QB","NYG",0,0,0,1199,0,0,Inf,0,0.98,0,0.68,0.7
"373","Tony Brooks-James","RB","PIT",0,0,0,0,0,0,NA,NA,0,0,0,0.7
"374","Tyrod Taylor","QB","LAC",1,0,0,28,0,0,28,0,0.03,0.01,0.03,0.7
"375","Chase Daniel","QB","CHI",0,0,0,425,0,0,Inf,0,0.56,0,0.39,0.6
"376","Quincy Enunwa","WR","NYJ",3,1,-4,47,-4,0,15.7,-0.09,0.21,0.07,0.26,0.6
"377","Brian Hoyer","QB","IND",0,0,0,559,0,0,Inf,0,0.51,0,0.36,0.2
"378","Mike Davis","RB","CAR",0,0,0,0,0,0,NA,NA,0,0,0,0.2
"379","Trace McSorley","QB","BAL",0,0,0,0,0,0,NA,NA,0,0,0,0.1
"380","Alex Tanney","QB","NYG",0,0,0,1,0,0,Inf,0,0,0,0,0
"381","Corey Clement","RB","PHI",0,0,0,0,0,0,NA,NA,0,0,0,0
"382","Cullen Gillaspia","RB","HOU",0,0,0,0,0,0,NA,NA,0,0,0,0
"383","D.J. Foster","RB","ARI",0,0,0,0,0,0,NA,NA,0,0,0,0
"384","David Fales","QB","NYJ",0,0,0,0,0,0,NA,NA,0,0,0,0
"385","David Fluellen","RB","TEN",0,0,0,0,0,0,NA,NA,0,0,0,0
"386","Greg Dortch","WR","CAR",0,0,0,0,0,0,NA,NA,0,0,0,0
"387","Jamize Olawale","RB","DAL",2,0,0,35,0,0,17.5,0,0.02,0.01,0.02,0
"388","JoJo Natson","WR","LA",0,0,0,0,0,0,NA,NA,0,0,0,0
"389","Juwann Winfree","WR","DEN",0,0,0,0,0,0,NA,NA,0,0,0,0
"390","Mack Hollins","WR","MIA",1,0,0,33,0,0,33,0,0.03,0.01,0.03,0
"391","Matthew Slater","WR","NE",0,0,0,0,0,0,NA,NA,0,0,0,0
"392","Michael Burton","RB","WAS",1,0,0,-2,0,0,-2,0,0,0.01,0.01,0
"393","Mike Glennon","QB","OAK",0,0,0,112,0,0,Inf,0,0.22,0,0.15,0
"394","Rod Smith","RB","OAK",0,0,0,0,0,0,NA,NA,0,0,0,0
"395","Rod Smith","RB","TEN",0,0,0,0,0,0,NA,NA,0,0,0,0
"396","Taywan Taylor","WR","CLE",1,0,0,33,0,0,33,0,0.05,0.02,0.06,0
"397","Trenton Cannon","RB","NYJ",0,0,0,0,0,0,NA,NA,0,0,0,0
"398","Trevor Davis","WR","MIA",0,0,0,0,0,0,NA,NA,0,0,0,0
"399","Trevor Siemian","QB","NYJ",0,0,0,41,0,0,Inf,0,0.25,0,0.17,0
"400","Tyler Ervin","RB","JAC",0,0,0,0,0,0,NA,NA,0,0,0,0
"401","Matt Moore","QB","KC",0,0,0,635,0,0,Inf,0,0.47,0,0.33,-0.1
"402","Ryan Griffin","QB","TB",0,0,0,12,0,0,Inf,0,0.01,0,0.01,-0.1
"403","Cam Newton","QB","CAR",0,0,0,793,0,0,Inf,0,1,0,0.7,-0.2
"404","Jarrett Stidham","QB","NE",0,0,0,21,0,0,Inf,0,0.02,0,0.02,-0.2
"405","Josh McCown","QB","PHI",0,0,0,22,0,0,Inf,0,0.03,0,0.02,-0.2
"406","Garrett Gilbert","QB","CLE",0,0,0,47,0,0,Inf,0,0.03,0,0.02,-0.3
"407","Matt Schaub","QB","ATL",0,0,0,488,0,0,Inf,0,0.28,0,0.19,-0.3
"408","Nick Mullens","QB","SF",0,0,0,0,0,0,NA,NA,0,0,0,-0.3
"409","Matt Barkley","QB","BUF",0,0,0,403,0,0,Inf,0,0.49,0,0.34,-0.4
"410","Sean Mannion","QB","MIN",0,0,0,132,0,0,Inf,0,0.31,0,0.22,-0.5
"411","Tim Boyle","QB","GB",0,0,0,10,0,0,Inf,0,0.01,0,0.01,-0.7
"412","Blake Bortles","QB","LA",0,0,0,-3,0,0,-Inf,0,-0.01,0,0,-0.9
